{
  "project_info": {
    "project_number": "1018908490758",
    "project_id": "partthree-78fa6",
    "storage_bucket": "partthree-78fa6.appspot.com"
  },
  "client": [
    {
      "client_info": {
        "mobilesdk_app_id": "1:1018908490758:android:fd705dbc350802d7461787",
        "android_client_info": {
          "package_name": "com.example.partthree"
        }
      },
      "oauth_client": [
        {
          "client_id": "1018908490758-jssrbhddj614vksu47oivq657qolt3jn.apps.googleusercontent.com",
          "client_type": 3
        }
      ],
      "api_key": [
        {
          "current_key": "AIzaSyBVoR0fmKS7lVopl0qRFzKDPPk-b3s6d7s"
        }
      ],
      "services": {
        "appinvite_service": {
          "other_platform_oauth_client": [
            {
              "client_id": "1018908490758-jssrbhddj614vksu47oivq657qolt3jn.apps.googleusercontent.com",
              "client_type": 3
            }
          ]
        }
      }
    }
  ],
  "configuration_version": "1"
}